lang,iso_code,wals_code,script,variety,name,family,genus,d_gen,d_geo,d_syn,d_inv,d_pho,d_fea,20A,21A,21B,22A,23A,24A,25A,25B,26A,27A,28A,29A,81A,ttr_flores,rttr_flores,mattr_flores,ttr,msp,ws,wh,lh,is,mfh,-ia,h_dep,h_codep,SO_prop,head_finality,wiki_size
ace_Arab,ace,ace,Arab,achi1257,Acehnese (Arabic script),Austronesian,Malayo-Sumbawan,1.0,0.5,0.67,0.4738,0.5687,0.6,,,,,1.0,1.0,1.0,2.0,1.0,,,,7.0,0.2677527551509343,38.68077553234192,0.5660766776299851,,,,,,,,,,,,,
ace_Latn,ace,ace,Latn,achi1257,Acehnese (Latin script),Austronesian,Malayo-Sumbawan,1.0,0.5,0.67,0.4738,0.5687,0.6,,,,,1.0,1.0,1.0,2.0,1.0,,,,7.0,0.2732366183091546,38.63183155384433,0.5751670001539243,,,,,,,,,,,,,
acm_Arab,acm,arq,Arab,meso1252,Mesopotamian Arabic,Afro-Asiatic,Semitic,1.0,0.2,0.68,0.5983,0.5687,0.8,,,,,,,,,4.0,,,,2.0,0.472761109857884,62.953605011457775,0.7860247200139443,,,,,,,,,,,,,1237148.0
acq_Arab,acq,,Arab,taiz1242,Taʽizzi-Adeni Arabic,Eastern Sudanic,Eastern Nilotic,1.0,0.3,0.57,0.5983,0.5687,0.6,,,,,,,,,,,,,,0.4683356258596974,63.138521104930426,0.7763434034849569,,,,,,,,,,,,,
aeb_Arab,aeb,atu,Arab,tuni1259,Tunisian Arabic,Afro-Asiatic,Semitic,1.0,0.1,0.93,0.5983,0.5687,1.0,,,,,,,,,,,,,,0.4683494710919572,62.60310195267882,0.7573709120221075,,,,,,,,,,,,,
afr_Latn,afr,afr,Latn,afri1274,Afrikaans,Indo-European,Germanic,0.6,0.4,0.63,0.5144,0.5687,0.6,,,,,,,,,,,,,,0.2271141946371648,37.08643367489884,0.5111791638003478,0.168628,1.148436674,0.543985029,8.941647741,8.775155967,3.0,3.867341943,-0.6670442898,0.5623483705682986,0.4623736165006444,,0.48,117827.0
als_Latn,als,,Latn,tosk1239,Albanian (Tosk),Eastern Sudanic,Eastern Nilotic,0.75,0.1,0.55,0.4838,0.2736,0.5,,,,,,,,,,,,,,0.2721968543886352,45.21582215677427,0.5355232330688441,,,,,,,,,,,,,98449.0
amh_Ethi,amh,amh,Ethi,amha1245,Amharic,Afro-Asiatic,Semitic,1.0,0.3,0.61,0.492,0.4816,0.5,,,,,,,,,3.0,1.0,,,1.0,0.4104115022310362,58.28710333743235,0.697713588531343,,,,,,,,,,,,,15377.0
apc_Arab_nort3139,apc,anl,Arab,nort3139,Levantine Arabic (North),Afro-Asiatic,Semitic,1.0,0.2,0.61,0.5983,0.5687,0.8,,,,,,,,,,,,,,0.4849091016061658,63.21883275921834,0.7829112619711533,,,,,,,,,,,,,
apc_Arab_sout3123,apc,,Arab,sout3123,Levantine Arabic (South),Eastern Sudanic,Eastern Nilotic,1.0,0.2,0.61,0.5983,0.5687,0.8,,,,,,,,,,,,,,0.4499408417375626,59.94353644986402,0.738997681159406,,,,,,,,,,,,,
arb_Arab,arb,ams,Arab,stan1318,Modern Standard Arabic,Afro-Asiatic,Semitic,1.0,0.2,0.67,0.5983,0.5687,0.8,,,,,,,,,2.0,,,,3.0,0.3825104374659648,56.78186750539839,0.6714834935227875,,,,,,,,,,,-0.933497443346155,0.13,
arb_Latn,arb,ams,Latn,stan1318,Modern Standard Arabic (Romanized),Afro-Asiatic,Semitic,1.0,0.2,0.67,0.5983,0.5687,0.8,,,,,,,,,2.0,,,,3.0,0.4131155303030303,60.03693031704685,0.6838565539983344,,,,,,,,,,,-0.933497443346155,0.13,
ars_Arab,ars,,Arab,najd1235,Najdi Arabic,Eastern Sudanic,Eastern Nilotic,1.0,0.2,0.79,0.5983,0.5687,0.9,,,,,,,,,,,,,,0.4566836324671846,62.39207708635995,0.7640548277001111,,,,,,,,,,,,,
ary_Arab,ary,amr,Arab,moro1292,Moroccan Arabic,Afro-Asiatic,Semitic,1.0,0.1,0.64,0.5503,0.8886,0.6,,,,,,,,,3.0,,,,,0.4710661581827226,63.36321382467389,0.7608199386154457,,,,,,,,,,,,,10124.0
arz_Arab,arz,aeg,Arab,egyp1253,Egyptian Arabic,Afro-Asiatic,Semitic,1.0,0.2,0.62,0.4688,0.427,0.5,6.0,5.0,3.0,4.0,4.0,4.0,5.0,2.0,3.0,1.0,1.0,2.0,2.0,0.4365435570215757,59.36510874103728,0.7492927642547546,,,,,,,,,,,,,1624150.0
asm_Beng,asm,ass,Beng,assa1263,Assamese,Indo-European,Indic,0.9,0.4,0.81,0.4638,0.5687,0.6,,,,,,,,,2.0,1.0,,,1.0,0.4068770958641614,55.768884880241686,0.7649199475065556,,,,,,,,,,,,,13528.0
ast_Latn,ast,ast,Latn,astu1245,Asturian,Indo-European,Romance,0.9,0.1,0.57,0.5983,0.5687,0.6,,,,,,,,,,,,,,0.3018677678014116,43.56423597594103,0.6048058835104169,,,,,,,,,,,,,136358.0
awa_Deva,awa,awd,Deva,awad1243,Awadhi,Indo-European,Indic,0.9,0.4,0.88,0.5166,0.5687,0.7,,,,,,,,,,,,,,0.2161806440998642,33.70824031878387,0.5610084824053194,,,,,,,,,,,,,2472.0
ayr_Latn,ayr,aym,Latn,cent2142,Central Aymara,Aymaran,Aymaran,1.0,0.5,0.67,0.5978,0.5879,0.6,1.0,1.0,2.0,5.0,3.0,3.0,3.0,2.0,2.0,1.0,1.0,2.0,1.0,0.5081926514399205,64.50644487173409,0.77742573496445,,,,,,,,,,,,,5174.0
azb_Arab,azb,azi,Arab,sout2697,South Azerbaijani,Altaic,Turkic,1.0,0.2,0.75,0.5514,0.3433,0.6,,,,,,,,,2.0,,,,1.0,0.3442423010468544,48.28972299870223,0.6194179050002602,,,,,,,,,,,,,243577.0
azj_Latn,azj,,Latn,nort2697,North Azerbaijani,Eastern Sudanic,Eastern Nilotic,1.0,0.2,0.57,0.5491,0.5687,0.7,,,,,,,,,,,,,,0.4258972943125345,57.314446966123455,0.7663413775481193,,,,,,,,,,,,,200719.0
bak_Cyrl,bak,bsk,Cyrl,bash1264,Bashkir,Altaic,Turkic,1.0,0.2,0.74,0.4286,0.3064,0.5,,,,,,,,,2.0,,,,,0.4312936442182506,56.064856006794585,0.7667405329593301,,,,,,,,,,,,,63717.0
bam_Latn,bam,bam,Latn,bamb1269,Bambara,Mande,Western Mande,1.0,0.2,0.67,0.5032,0.39,0.6,,,,,,,,,2.0,,1.0,1.0,1.0,0.2464869845657682,36.31398308402509,0.5190940299915064,,,,,,,,,,,,,829.0
ban_Latn,ban,bal,Latn,bali1278,Balinese,Austronesian,Malayo-Sumbawan,1.0,0.6,1.0,0.5233,0.5687,0.7,,,,,,,,,,1.0,,,,0.2804492986179409,38.98043483482456,0.5873035069075371,,,,,,,,,,,,,24762.0
bel_Cyrl,bel,blr,Cyrl,bela1254,Belarusian,Indo-European,Slavic,0.9,0.1,0.76,0.5983,0.5687,0.9,,,,,,,,,2.0,,,,7.0,0.4061929885114146,57.84650239519269,0.7292618542108763,,,,,,,,,0.4175179110458715,0.6696258174680465,,0.36,244346.0
bem_Latn,bem,bem,Latn,bemb1257,Bemba,Niger-Congo,Bantu,1.0,0.4,0.79,0.5043,0.5687,0.6,,,,,,,,,,,,,,0.321389346512905,47.50912944435134,0.6591699526998612,,,,,,,,,,,,,
ben_Beng,ben,ben,Beng,beng1280,Bengali,Indo-European,Indic,0.875,0.4,0.7,0.4982,0.4054,0.6,,,,,,,,,,,,,1.0,0.3109848148477044,46.67052220827748,0.659838804885811,,,,,,,,,,,,,
bho_Deva,bho,bho,Deva,bhoj1244,Bhojpuri,Indo-European,Indic,0.9,0.4,0.68,0.5983,0.5687,0.8,,,,,,,,,2.0,,,,1.0,0.2338007135153074,36.30014905440847,0.5624663870885791,,,,,,,,,,,,,8722.0
bjn_Arab,bjn,,Arab,banj1239,Banjar (Jawi script),Eastern Sudanic,Eastern Nilotic,1.0,0.6,0.57,0.5983,0.5687,0.6,,,,,,,,,,,,,,0.3931391518067249,54.36561545023617,0.6416560352233686,,,,,,,,,,,,,
bjn_Latn,bjn,,Latn,banj1239,Banjar (Latin script),Eastern Sudanic,Eastern Nilotic,1.0,0.6,0.57,0.5983,0.5687,0.6,,,,,,,,,,,,,,0.2861463678098839,38.93588905697114,0.6131294404973318,,,,,,,,,,,,,10765.0
bod_Tibt,bod,tib,Tibt,utsa1239,Lhasa Tibetan,Sino-Tibetan,Bodic,1.0,0.4,0.78,0.5252,0.4477,0.6,1.0,1.0,2.0,3.0,2.0,2.0,2.0,2.0,,,,,1.0,0.162128751120314,29.16380339354192,0.5474515663255769,,,,,,,,,,,,,7097.0
bos_Latn,bos,bos,Latn,bosn1245,Bosnian,Indo-European,Slavic,0.9,0.1,0.61,0.5983,0.5687,0.8,,,,,,,,,,,,,,0.4025703730683178,55.80938072071374,0.6877444444444324,,,,,,,,,,,,,93671.0
brx_Deva,brx,bod,Deva,bodo1269,Bodo,Sino-Tibetan,Brahmaputran,1.0,0.4,0.71,0.5256,0.3433,0.6,,,,,,,,,2.0,,,,,0.4345291479820627,58.03852130401799,0.7596620725448167,,,,,,,,,,,,,
bug_Latn,bug,bug,Latn,bugi1244,Buginese,Austronesian,South Sulawesi,1.0,0.6,0.71,0.5119,0.5687,0.6,,,,,,,,,,,,,2.0,0.3795582139671546,52.399657630927294,0.6620733836206998,,,,,,,,,,,,,15843.0
bul_Cyrl,bul,bul,Cyrl,bulg1262,Bulgarian,Indo-European,Slavic,0.8571,0.1,0.48,0.521,0.2804,0.5,,,,,,,,,2.0,,,,2.0,0.3035671342685371,47.95015615146525,0.567364443172071,0.3551605,1.430487855,0.46335577,10.54129902,9.801146364,9.6,3.7559373,-0.3490676305,0.4741220041274399,0.6810344227417745,-0.964744953169894,0.35,299630.0
cat_Latn,cat,ctl,Latn,stan1289,Catalan,Indo-European,Romance,0.9,0.1,0.53,0.4581,0.2804,0.5,,,,,,,,,,3.0,,,2.0,0.2224662692187009,37.67701240656604,0.5118151433437397,0.2578375,1.252523247,0.4262502014,9.447236817,8.749057703,6.0,3.552881864,-0.517017017,0.3913597655460314,0.62481517904437,,0.36,755507.0
ceb_Latn,ceb,ceb,Latn,cebu1242,Cebuano,Austronesian,Greater Central Philippine,1.0,0.6,0.8,0.5371,0.5687,0.7,,,,,,,,,,,,,3.0,0.2263492964599975,35.54548878324374,0.4928199652346541,,,,,,,,,,,,,6117174.0
ces_Latn,ces,cze,Latn,czec1258,Czech,Indo-European,Slavic,0.9,0.1,0.66,0.5368,0.5687,0.6,,,,,,,,,3.0,,,,2.0,0.380997177798683,56.92434450371649,0.6576810850440058,0.4080221666666666,1.509301801,0.4116308982333334,11.21911277,10.207946061666666,11.4,3.9536920283333337,-0.3273692854333333,0.5675276288157657,0.8729961845050049,-0.780695692236812,0.4,549882.0
chv_Cyrl,chv,chv,Cyrl,chuv1255,Chuvash,Altaic,Turkic,1.0,0.2,0.75,0.5319,0.3433,0.6,,,,,,,,,2.0,,,,1.0,0.4390787518573551,58.081339951141445,0.795556444496749,,,,,,,,,,,,,56259.0
cjk_Latn,cjk,,Latn,chok1245,Chokwe,Eastern Sudanic,Eastern Nilotic,1.0,0.4,0.57,0.5983,0.5687,0.6,,,,,,,,,,,,,,0.3808669809387169,53.20699455257253,0.7002325287900242,,,,,,,,,,,,,
ckb_Arab,ckb,krd,Arab,cent1972,Central Kurdish,Indo-European,Iranian,0.9,0.2,0.92,0.5983,0.5687,0.9,,,,,,,,,3.0,,,,1.0,0.4093196351818849,56.536510602754205,0.722619301361735,,,,,,,,,,,,,67315.0
cmn_Hans,cmn,mnd,Hans,beij1234,Mandarin Chinese (Standard Beijing),Sino-Tibetan,Chinese,1.0,0.4,0.55,0.5926,0.39,0.6,7.0,1.0,1.0,1.0,2.0,2.0,2.0,2.0,2.0,1.0,1.0,1.0,2.0,0.2427180560025748,38.266408661690924,0.5766596050416682,0.3006155,1.000835208,0.5520700313,10.78694394,10.77949026,1.0,2.741359573,-0.998998999,,,,0.64,
cmn_Hant,cmn,mnd,Hant,taib1240,Mandarin Chinese (Taiwanese),Sino-Tibetan,Chinese,1.0,0.4,0.55,0.5926,0.39,0.6,7.0,1.0,1.0,1.0,2.0,2.0,2.0,2.0,2.0,1.0,1.0,1.0,2.0,0.276319572807558,43.11382337808192,0.6014526545332392,0.3006155,1.000835208,0.5520700313,10.78694394,10.77949026,1.0,2.741359573,-0.998998999,,,,0.64,1430580.0
crh_Latn,crh,cri,Latn,crim1257,Crimean Tatar,Altaic,Turkic,1.0,0.1,0.57,0.5983,0.805,0.9,,,,,,,,,,,,,,0.4502522585943916,58.785083862421736,0.7584797244213408,,,,,,,,,,,,,28335.0
cym_Latn,cym,wel,Latn,wels1247,Welsh,Indo-European,Celtic,0.9,0.0,0.57,0.5983,0.5687,0.8,,,,,,,,,2.0,3.0,,,3.0,0.2226671672298001,34.476040066583536,0.5515587458464848,,,,,,,,,,,,0.24,280804.0
dan_Latn,dan,dsh,Latn,dani1285,Danish,Indo-European,Germanic,0.7,0.0,0.5,0.5983,0.5687,0.7,,,,,,,,,2.0,,,,2.0,0.2673973272490221,41.89186864697411,0.5510269910584462,,,,,,,,,0.4537831717972017,0.5687595097933965,-0.989455819626114,0.36,301028.0
deu_Latn,deu,ger,Latn,stan1295,German,Indo-European,Germanic,0.4286,0.1,0.42,0.4364,0.3277,0.4,1.0,2.0,1.0,2.0,2.0,2.0,2.0,2.0,2.0,3.0,3.0,2.0,7.0,0.2808970828843928,44.46610581581483,0.5721811889250759,,,,,,,,,0.5519564383964074,0.6136455718816275,-0.915712503827855,0.495,2927346.0
dgo_Deva,dgo,dgi,Deva,dogr1250,Dogri,Indo-European,Indic,0.9,0.3,0.9,0.5983,0.5687,0.9,,,,,,,,,,,,,,0.2371175850036517,37.22519532200389,0.5896990102290058,,,,,,,,,,,,,
dik_Latn,dik,,Latn,sout2832,Southwestern Dinka,Eastern Sudanic,Eastern Nilotic,1.0,0.3,0.57,0.5983,0.5687,0.6,,,,,,,,,,,,,,0.2031375703942075,30.385197999053307,0.4999873828571406,,,,,,,,,,,,,327.0
dyu_Latn,dyu,dyu,Latn,dyul1238,Dyula,Mande,Western Mande,1.0,0.2,0.57,0.4752,0.5687,0.6,,,,,,,,,,,,,,0.3054396903891636,46.57830096551643,0.6286529267006539,,,,,,,,,,,,,
dzo_Tibt,dzo,,Tibt,dzon1239,Dzongkha,Eastern Sudanic,Eastern Nilotic,1.0,0.4,0.57,0.5983,0.5687,0.6,,,,,,,,,,,,,,0.9010471998785856,73.14039393986857,0.9466778325123222,,,,,,,,,,,,,278.0
ekk_Latn,ekk,est,Latn,esto1258,Estonian,Uralic,Finnic,1.0,0.1,0.69,0.5983,0.5687,0.8,,,,,,,,,2.0,,,,2.0,0.4138204924543288,58.73336041041143,0.664416798167491,0.4908085,1.471287946,0.4581399005,11.89101568,10.86535025,9.93,3.704047588,-0.1770093447,,,-0.841506391800069,0.525,246104.0
ell_Grek,ell,grk,Grek,mode1248,Greek,Indo-European,Greek,0.8333,0.1,0.52,0.5516,0.195,0.5,1.0,2.0,3.0,3.0,3.0,3.0,3.0,2.0,2.0,3.0,3.0,3.0,7.0,0.2950345981294198,47.84839058405515,0.5815503623609624,0.2487795,1.613331432,0.5169611596,9.696859999,8.351142064,9.0,3.668587514,-0.3470446494,0.4151166361668909,0.6754410575827845,-0.896307616891824,0.45,236759.0
eng_Latn,eng,eng,Latn,stan1293,English,Indo-European,Germanic,0.0,0.0,0.0,0.0,0.0002,0.0,1.0,5.0,1.0,2.0,2.0,2.0,2.0,2.0,2.0,3.0,2.0,2.0,2.0,0.2335391771593552,36.87996973664817,0.5436593150292637,0.21322975,1.1999853225,0.3447120456,9.6080137905,9.191172055,6.1375,3.72410539275,-0.67024734315,0.3612439683565323,0.3844439063173674,-0.993680964355451,0.4216666666666666,6853882.0
epo_Latn,epo,,Latn,espe1235,Esperanto,Eastern Sudanic,Eastern Nilotic,1.0,0.0,0.73,0.5983,0.5687,0.8,,,,,,,,,,,,,,0.3344983031960695,47.00028504495311,0.6157938058615605,,,,,,,,,,,,,356062.0
eus_Latn,eus,bsq,Latn,basq1248,Basque,Basque,Basque,1.0,0.1,0.61,0.6205,0.3498,0.6,1.0,1.0,1.0,3.0,3.0,2.0,5.0,2.0,4.0,1.0,2.0,3.0,1.0,0.3450618122537698,51.27739277082763,0.6301535396590038,0.3767215,1.779372454,0.5698891725,11.32465899,9.678489659,19.13,3.76816246,-0.3170176164,0.6524873930407307,0.8742562979384555,,0.71,436820.0
ewe_Latn,ewe,ewe,Latn,ewee1241,Ewe,Niger-Congo,Gbe,1.0,0.3,0.66,0.5249,0.3695,0.6,,,,,4.0,2.0,5.0,1.0,4.0,1.0,1.0,2.0,2.0,0.1974485116317852,30.57966891724197,0.5072291906160753,,,,,,,,,,,,,906.0
fao_Latn,fao,far,Latn,faro1244,Faroese,Indo-European,Germanic,0.7,0.1,0.61,0.5983,0.5687,0.8,,,,,,,,,,,,,,0.2794075877459931,43.86343179938055,0.5519764764350272,,,,,,,,,,,,0.3,14114.0
fij_Latn,fij,fij,Latn,fiji1243,Fijian,Austronesian,Oceanic,1.0,0.8,0.66,0.5233,0.4638,0.6,2.0,5.0,1.0,4.0,1.0,1.0,1.0,2.0,1.0,2.0,2.0,1.0,7.0,0.1187940761636107,20.00543032766865,0.3820318007250325,,,,,,,,,,,,,1296.0
fil_Latn,fil,,Latn,fili1244,Filipino,Eastern Sudanic,Eastern Nilotic,1.0,0.6,0.57,0.458,0.5687,0.6,,,,,,,,,,,,,,0.2273790178748365,36.11749472967273,0.4956520297590085,,,,,,,,,,,,,
fin_Latn,fin,fin,Latn,finn1318,Finnish,Uralic,Finnic,1.0,0.1,0.53,0.4694,0.2736,0.5,1.0,2.0,1.0,2.0,2.0,3.0,5.0,2.0,2.0,3.0,3.0,3.0,2.0,0.4636064180214642,63.60369174548988,0.6907436555149258,0.49185625,1.6473674535,0.51525612905,11.9248204,10.52468358,16.645,3.7842248115,-0.18550286815,0.5589332145876035,0.686841632123994,-0.912153872061972,0.485,576635.0
fon_Latn,fon,fon,Latn,fonn1241,Fon,Niger-Congo,Gbe,1.0,0.3,0.65,0.492,0.5687,0.6,,,,,,,,,,,,,2.0,0.1763473362415415,30.08932076774208,0.4484324456559665,,,,,,,,,,,,,1685.0
fra_Latn,fra,fre,Latn,stan1290,French,Indo-European,Romance,0.9,0.0,0.46,0.4753,0.427,0.5,1.0,5.0,2.0,3.0,4.0,2.0,5.0,2.0,2.0,3.0,3.0,2.0,2.0,0.2188639383923399,37.49350712182043,0.5282185246811001,0.254833,1.259284245,0.44809908045,9.450808215,8.647569557499999,6.5,3.3477259725,-0.5554926184,0.4039850921398672,0.4972663586153365,-0.994852093151145,0.355,2623604.0
fur_Latn,fur,,Latn,east2271,Friulian,Eastern Sudanic,Eastern Nilotic,0.9,0.1,0.57,0.4724,0.5687,0.6,,,,,,,,,,,,,,0.2229600763480197,35.357278572923946,0.5260864943811236,,,,,,,,,,,,,4202.0
fuv_Latn,fuv,fni,Latn,nige1253,Nigerian Fulfulde,Niger-Congo,Peul-Serer,1.0,0.2,1.0,0.4694,0.5687,0.6,,,,,,,,,,,,,,0.2453746530989824,36.07925352179701,0.5797053169831007,,,,,,,,,,,,,2404.0
gaz_Latn,gaz,owc,Latn,west2721,West Central Oromo,Afro-Asiatic,Lowland East Cushitic,1.0,0.3,0.91,0.5983,0.5687,0.9,,,,,,,,,,,,,,0.4198963618698046,57.15219854900781,0.759003494757849,,,,,,,,,,,,,1839.0
gla_Latn,gla,gae,Latn,scot1245,Scottish Gaelic,Indo-European,Celtic,0.9,0.0,0.55,0.5983,0.5687,0.7,,,,,,,,,3.0,3.0,,,3.0,0.2103253458016754,33.69475057983727,0.549994993244874,,,,,,,,,,,,0.25,15980.0
gle_Latn,gle,iri,Latn,iris1253,Irish,Indo-European,Celtic,0.9,0.0,0.62,0.5193,0.5687,0.6,,,,,,,,,4.0,3.0,3.0,2.0,3.0,0.2248248457596988,38.08044452406061,0.5455197587797185,,,,,,,,,0.3806442227561202,0.2954942567819,,0.23,60457.0
glg_Latn,glg,glc,Latn,gali1258,Galician,Indo-European,Romance,0.9,0.1,0.67,0.4997,0.5687,0.6,,,,,,,,,,,,,,0.2772361359570662,41.455841648648914,0.594510132198873,,,,,,,,,0.4454099987044514,0.590367762152982,,0.35,212226.0
gom_Deva,gom,,Deva,goan1235,Goan Konkani,Eastern Sudanic,Eastern Nilotic,0.9,0.4,0.57,0.5983,0.5687,0.6,,,,,,,,,,,,,,0.4357761107905366,57.36707408165535,0.7844202958826091,,,,,,,,,,,,,3595.0
gug_Latn,gug,gua,Latn,para1311,Paraguayan Guaraní,Tupian,Maweti-Guarani,1.0,0.5,0.71,0.522,0.4638,0.6,1.0,5.0,1.0,3.0,1.0,1.0,1.0,2.0,6.0,,1.0,3.0,2.0,0.3730949925518506,49.29091794131705,0.6552701857859135,,,,,,,,,,,,,
guj_Gujr,guj,guj,Gujr,guja1252,Gujarati,Indo-European,Indic,0.9,0.3,0.68,0.4753,0.5687,0.6,,,,,,,,,,,,,1.0,0.3366774207804835,50.643939336368014,0.6668228488792645,,,,,,,,,,,,,30414.0
hat_Latn,hat,hcr,Latn,hait1244,Haitian Creole,other,Creoles and Pidgins,0.9,0.4,0.65,0.5983,0.5687,0.8,,,,,,,,,,,,,,0.1934686025740851,28.586909194121272,0.5250773413330904,,,,,,,,,,,,,69703.0
hau_Latn,hau,hau,Latn,haus1257,Hausa,Afro-Asiatic,West Chadic,1.0,0.2,0.45,0.5337,0.427,0.5,2.0,5.0,1.0,4.0,3.0,2.0,5.0,2.0,1.0,1.0,4.0,1.0,2.0,0.189664490915894,29.41512208980797,0.5653918655005684,,,,,,,,,,,,,48792.0
heb_Hebr,heb,heb,Hebr,hebr1245,Hebrew,Afro-Asiatic,Semitic,1.0,0.2,0.52,0.5549,0.5687,0.6,6.0,5.0,3.0,3.0,2.0,2.0,5.0,2.0,3.0,1.0,1.0,2.0,2.0,0.4109269430807369,58.94044771465983,0.6845379097339904,0.265816,1.404472533,0.188939859,9.489467886,8.799549238,12.0,3.582896654,-0.4390258522,0.3585033523111254,0.6188741742433425,,0.33,358020.0
hin_Deva,hin,hin,Deva,hind1269,Hindi,Indo-European,Indic,0.9,0.4,0.59,0.4684,0.3433,0.5,1.0,1.0,2.0,2.0,3.0,2.0,5.0,2.0,2.0,1.0,3.0,2.0,1.0,0.1940029667302394,32.64442213072864,0.5288203487327059,0.2209145,1.197362476,0.2165604927,9.677578621,9.024242814,10.48,3.386435367,-0.6769703836,0.1624120983654735,0.4975648564156359,-0.873837954999652,0.9,162823.0
hne_Deva,hne,,Deva,chha1249,Chhattisgarhi,Eastern Sudanic,Eastern Nilotic,0.9,0.4,0.57,0.5983,0.5687,0.6,,,,,,,,,,,,,,0.2446123821783,37.96065783692856,0.5650091587516978,,,,,,,,,,,,,
hrv_Latn,hrv,,Latn,croa1245,Croatian,Eastern Sudanic,Eastern Nilotic,0.9,0.1,0.79,0.5093,0.5687,0.6,,,,,,,,,,,,,,0.3687464123283437,55.49235343138727,0.6283555174282113,,,,,,,,,0.436273591925776,0.734685908968786,-0.855648162709021,0.38,221252.0
hun_Latn,hun,hun,Latn,hung1274,Hungarian,Uralic,Ugric,1.0,0.1,0.6,0.4581,0.3433,0.5,1.0,1.0,1.0,3.0,2.0,1.0,5.0,2.0,2.0,1.0,4.0,3.0,7.0,0.3828096621867054,56.81081113569945,0.6165448548199659,0.348783,1.391733545,0.5965972903,10.77446023,10.17339126,8.0,3.72509046,-0.3979728231,0.4268370635128947,0.7945119563162655,-0.726768887767121,0.72,543917.0
hye_Armn,hye,arm,Armn,nucl1235,Armenian,Indo-European,Armenian,0.9,0.2,0.66,0.5064,0.5032,0.6,,,,2.0,,,,,2.0,2.0,3.0,3.0,7.0,0.3791647753064003,56.277556522421634,0.6614212995216339,,,,,,,,,,,,0.66,311958.0
ibo_Latn,ibo,igb,Latn,nucl1417,Igbo,Niger-Congo,Igboid,1.0,0.3,0.61,0.4772,0.427,0.5,,,,,,,,,,1.0,1.0,1.0,2.0,0.2003914546287427,31.052917410019788,0.529269881772564,,,,,,,,,,,,,34275.0
ilo_Latn,ilo,ilo,Latn,ilok1237,Ilocano,Austronesian,Northern Luzon,1.0,0.5,0.7,0.5032,0.5687,0.6,,,,,,,,,,1.0,,,3.0,0.2433936022253129,38.05511704410606,0.4782244957614472,,,,,,,,,,,,,
ind_Latn,ind,ind,Latn,indo1316,Indonesian,Austronesian,Malayo-Sumbawan,1.0,0.6,0.52,0.4546,0.2736,0.5,2.0,5.0,1.0,3.0,4.0,4.0,4.0,1.0,2.0,2.0,1.0,1.0,2.0,0.2384247171453437,36.1431739784892,0.5783562119122757,0.302711,1.038599384,0.3359898069,10.75660006,10.68784507,6.7,2.711112641,-0.8030036024,0.3237585665377339,0.4990354825170898,-0.999239299479343,0.225,698605.0
isl_Latn,isl,ice,Latn,icel1247,Icelandic,Indo-European,Germanic,0.7,0.1,0.47,0.4694,0.5687,0.5,,,,,2.0,2.0,2.0,2.0,2.0,,,,2.0,0.3182034941691594,48.32818688096658,0.5919202410492679,,,,,,,,,,,,0.295,58673.0
ita_Latn,ita,ita,Latn,ital1282,Italian,Indo-European,Romance,0.9,0.1,0.51,0.5064,0.5687,0.5,,,,,,,,,2.0,3.0,,,2.0,0.2507390780685426,41.5039451899562,0.5739762081784234,0.2437408333333333,1.304717124666667,0.5009519405333334,9.430709779666666,8.619637586000001,6.0,3.492087011333333,-0.5456943969666667,0.4682571438046256,0.643149735768213,-0.969358493089985,0.366,1872797.0
jav_Latn,jav,jav,Latn,java1254,Javanese,Austronesian,Javanese,1.0,0.6,0.82,0.4438,0.529,0.6,,,,,,,,,,,,,,0.2699478001491424,36.987774347152246,0.6151306155950625,,,,,,,,,,,,,73940.0
jpn_Jpan,jpn,jpn,Jpan,nucl1643,Japanese,Japanese,Japanese,1.0,0.5,0.66,0.5472,0.5032,0.6,1.0,1.0,1.0,3.0,2.0,2.0,2.0,2.0,2.0,2.0,1.0,1.0,1.0,0.1617769331274498,29.687720216923807,0.4387167616119596,0.2827255,1.043163617,0.3218547644,9.533716339,9.313048038,0.0,1.342381297,-0.9159938381,0.0,0.4688421344479345,-0.952859034942852,0.905,1422547.0
kab_Latn,kab,kbl,Latn,kaby1243,Kabyle,Afro-Asiatic,Berber,1.0,0.1,0.69,0.6656,0.5687,0.7,,,,,,,,,,,,,3.0,0.3115251299826689,44.89854247208757,0.5737519853993129,,,,,,,,,,,,,6830.0
kac_Latn,kac,jng,Latn,kach1280,Jingpho,Sino-Tibetan,Brahmaputran,1.0,0.4,0.75,0.4928,0.4054,0.6,,,,,,,,,1.0,,,,1.0,0.085017087355357,15.527667556326437,0.4117917769865274,,,,,,,,,,,,,
kam_Latn,kam,kba,Latn,kamb1297,Kamba,Niger-Congo,Bantu,1.0,0.4,0.81,0.5233,0.5687,0.7,,,,,,,,,6.0,,,,2.0,0.3275677255895537,46.92800676715952,0.6373951560549362,,,,,,,,,,,,,
kan_Knda,kan,knd,Knda,nucl1305,Kannada,Dravidian,Dravidian,1.0,0.4,0.64,0.4738,0.3498,0.5,1.0,1.0,1.0,2.0,2.0,2.0,2.0,2.0,2.0,1.0,4.0,2.0,1.0,0.4436020899498002,61.98059453542915,0.6855636860642492,,,,,,,,,,,,,32424.0
kas_Arab,kas,kas,Arab,kash1277,Kashmiri (Arabic script),Indo-European,Indic,0.9,0.3,0.65,0.4579,0.4121,0.5,,,,,,,,,,,,,2.0,0.4321410625371157,63.93789527034116,0.7292963724756825,,,,,,,,,,,,,
kas_Deva,kas,kas,Deva,kash1277,Kashmiri (Devanagari script),Indo-European,Indic,0.9,0.3,0.65,0.4579,0.4121,0.5,,,,,,,,,,,,,2.0,0.3629346977712254,55.11590895871316,0.6536502238177514,,,,,,,,,,,,,5321.0
kat_Geor,kat,geo,Geor,nucl1302,Georgian,Kartvelian,Kartvelian,1.0,0.2,0.61,0.5667,0.4816,0.6,1.0,1.0,2.0,5.0,3.0,2.0,5.0,2.0,3.0,1.0,3.0,3.0,1.0,0.5013835085777532,63.93966788264542,0.8074119512814155,,,,,,,,,,,,,173559.0
kaz_Cyrl,kaz,kaz,Cyrl,kaza1248,Kazakh,Altaic,Turkic,1.0,0.2,0.9,0.5983,0.805,0.9,,,,,,,,,,,,,,0.4583358994888218,58.40321706888938,0.7931772779260553,,,,,,,,,0.0701853281089131,0.5300342362888815,,0.79,236495.0
kbp_Latn,kbp,kby,Latn,kabi1261,Kabiyè,Niger-Congo,Grusi,1.0,0.2,0.73,0.4496,0.5687,0.6,,,,,,,,,,,,,2.0,0.2433733930739919,37.60965515058654,0.554409802412108,,,,,,,,,,,,,
kea_Latn,kea,,Latn,kabu1256,Kabuverdianu,Eastern Sudanic,Eastern Nilotic,0.9,0.2,0.57,0.5555,0.5687,0.7,,,,,,,,,,,,,,0.2403383875739645,35.34853995566212,0.5456422656508816,,,,,,,,,,,,,
khk_Cyrl,khk,kha,Cyrl,halh1238,Halh Mongolian,Altaic,Mongolic,1.0,0.3,0.69,0.5109,0.2804,0.6,1.0,1.0,1.0,2.0,2.0,2.0,2.0,2.0,2.0,1.0,4.0,1.0,1.0,0.3635584137191854,49.66266483658477,0.7473752546665748,,,,,,,,,,,,,23879.0
khm_Khmr,khm,khm,Khmr,cent1989,Khmer (Central),Austro-Asiatic,Khmer,1.0,0.5,0.64,0.5101,0.5207,0.6,,,,,,,,,1.0,1.0,1.0,1.0,2.0,0.1601017659383418,29.2640452775106,0.5101053143325927,,,,,,,,,,,,,10533.0
kik_Latn,kik,kik,Latn,kiku1240,Kikuyu,Niger-Congo,Bantu,1.0,0.3,0.75,0.5207,0.5687,0.6,,,,,,,,,6.0,1.0,,,2.0,0.2748686514886164,41.54064749189081,0.5848390850901918,,,,,,,,,,,,,1775.0
kin_Latn,kin,kin,Latn,kiny1244,Kinyarwanda,Niger-Congo,Bantu,1.0,0.3,0.77,0.5182,0.5687,0.6,,,,,,,,,,,,,2.0,0.3599481865284974,50.00560020451181,0.694782086059246,,,,,,,,,,,,,7412.0
kir_Cyrl,kir,kgz,Cyrl,kirg1245,Kyrgyz,Altaic,Turkic,1.0,0.3,0.77,0.5503,0.3277,0.6,,,,,,,,,2.0,,,,,0.388380716934487,55.23341861156519,0.6875097840413793,,,,,,,,,,,,,78894.0
kmb_Latn,kmb,,Latn,kimb1241,Kimbundu,Eastern Sudanic,Eastern Nilotic,1.0,0.4,0.57,0.5983,0.5687,0.6,,,,,,,,,,,,,,0.277214427929805,40.739204459779806,0.5961896862261694,,,,,,,,,,,,,
kmr_Latn,kmr,kji,Latn,nort2641,Northern Kurdish,Indo-European,Iranian,0.9,0.2,0.74,0.4991,0.3277,0.6,,,,,,,,,,,,,,0.2951773835920177,43.43021392018457,0.6253097545983262,,,,,,,,,0.2562413953378974,0.0,,,77959.0
knc_Arab,knc,knr,Arab,cent2050,Central Kanuri (Arabic script),Saharan,Western Saharan,1.0,0.2,0.73,0.484,0.3277,0.6,,,,,3.0,2.0,5.0,2.0,2.0,1.0,1.0,3.0,1.0,0.5669509103480065,74.69134459778043,0.7522874770125235,,,,,,,,,,,,,
knc_Latn,knc,knr,Latn,cent2050,Central Kanuri (Latin script),Saharan,Western Saharan,1.0,0.2,0.73,0.484,0.3277,0.6,,,,,3.0,2.0,5.0,2.0,2.0,1.0,1.0,3.0,1.0,0.3806918017972789,53.72881845926603,0.6507710607620873,,,,,,,,,,,,,
kor_Hang,kor,kor,Hang,kore1280,Korean,Korean,Korean,1.0,0.4,0.62,0.4866,0.4638,0.5,1.0,1.0,1.0,4.0,2.0,2.0,2.0,2.0,2.0,1.0,1.0,1.0,1.0,0.5933598937583001,72.81664652141137,0.8616644461231846,0.5807387500000001,0.995823606,0.222727112,12.760775425,12.77096616,0.0,1.218765428,-0.8032718347,0.0844287151009395,0.232509952140781,-0.977534425451092,0.7949999999999999,677126.0
ktu_Latn,ktu,ktb,Latn,kitu1246,Kituba (DRC),other,Creoles and Pidgins,1.0,0.3,0.57,0.5274,0.5687,0.7,,,,,,,,,,,,,,0.1477100864776825,23.71977485967126,0.4207565643783744,,,,,,,,,,,,,
lao_Laoo,lao,lao,Laoo,laoo1244,Lao,Tai-Kadai,Kam-Tai,1.0,0.5,0.59,0.522,0.5687,0.6,,,,,,,,,1.0,,,,2.0,0.7758438818565401,58.51323825112494,0.8242597803044868,,,,,,,,,,,,,3940.0
lij_Latn,lij,itg,Latn,geno1240,Ligurian (Genoese),Indo-European,Romance,0.9,0.1,0.57,0.5983,0.5687,0.6,,,,,,,,,,,,,,0.213596784996651,36.90962333468929,0.5071627669357371,,,,,,,,,,,,,11264.0
lim_Latn,lim,,Latn,limb1263,Limburgish,Eastern Sudanic,Eastern Nilotic,0.6,0.0,0.57,0.5983,0.5687,0.6,,,,,,,,,,,,,,0.3082054703135423,44.64832563476476,0.5869299555815731,,,,,,,,,,,,,14966.0
lin_Latn,lin,lin,Latn,ling1263,Lingala,Niger-Congo,Bantu,1.0,0.3,0.67,0.5119,0.5687,0.6,,,,,,,,,,,,,2.0,0.1568102756221568,23.48073527570002,0.4540631300460847,,,,,,,,,,,,,3865.0
lit_Latn,lit,lit,Latn,lith1251,Lithuanian,Indo-European,Baltic,0.9,0.1,0.68,0.4694,0.3498,0.5,,,,,,,,,2.0,,,,2.0,0.3938486025935115,57.56255982510865,0.6584609337551718,,,,,,,,,0.4591375573468307,0.9625510362507196,-0.607588487397477,0.54,217199.0
lmo_Latn,lmo,,Latn,lomb1257,Lombard,Eastern Sudanic,Eastern Nilotic,0.9,0.1,0.57,0.5983,0.5687,0.6,,,,,,,,,,,,,,0.2795558716611348,44.47311313594461,0.521235116288455,,,,,,,,,,,,,74147.0
ltg_Latn,ltg,,Latn,east2282,Latgalian,Eastern Sudanic,Eastern Nilotic,1.0,1.0,0.57,0.5983,0.5687,0.6,,,,,,,,,,,,,,0.4431455897980871,57.673657739252526,0.7304124338463347,,,,,,,,,,,,,1081.0
ltz_Latn,ltz,lux,Latn,luxe1241,Luxembourgish,Indo-European,Germanic,0.6,0.0,0.72,0.5983,0.5687,0.8,,,,,,,,,,,,,,0.2533162173727,40.61520906669105,0.5495745794985831,,,,,,,,,,,,,63539.0
lua_Latn,lua,cil,Latn,luba1249,Luba-Kasai,Niger-Congo,Bantu,1.0,0.3,0.57,0.5983,0.3433,0.8,,,,,,,,,,,,,,0.2601686278143241,38.22442954192049,0.5645921183667754,,,,,,,,,,,,,
lug_Latn,lug,lda,Latn,gand1255,Ganda,Niger-Congo,Bantu,1.0,0.3,0.78,0.4928,0.5687,0.6,,,,,,,,,6.0,,,,,0.4856547619047619,62.94805161703541,0.7688655910680371,,,,,,,,,,,,,3104.0
luo_Latn,luo,luo,Latn,luok1236,Luo,Eastern Sudanic,Western Nilotic,1.0,0.3,0.63,0.3969,0.4054,0.5,,,,,,,,,4.0,2.0,,,2.0,0.2200707979698895,33.6981500608658,0.5803155830573445,,,,,,,,,,,,,
lus_Latn,lus,miz,Latn,lush1249,Mizo,Sino-Tibetan,Kuki-Chin,1.0,0.4,0.76,0.4332,0.5687,0.6,,,,,,,,,1.0,,,,1.0,0.1779913322027511,28.99401769319997,0.5018135658319143,,,,,,,,,,,,,
lvs_Latn,lvs,,Latn,stan1325,Standard Latvian,Eastern Sudanic,Eastern Nilotic,1.0,1.0,0.57,0.5983,0.5687,0.6,,,,,,,,,,,,,,0.3666946642500331,55.15190150805342,0.6329281258475732,,,,,,,,,,,-0.76703976158464,0.54,128580.0
mag_Deva,mag,mgh,Deva,maga1260,Magahi,Indo-European,Indic,0.9,0.4,0.89,0.5983,0.5687,0.9,,,,,,,,,,,,,1.0,0.226657645466847,34.85520018164148,0.5526573934079323,,,,,,,,,,,,,
mai_Deva,mai,mai,Deva,mait1250,Maithili,Indo-European,Indic,0.9,0.4,0.63,0.4882,0.5687,0.6,,,,,2.0,2.0,2.0,2.0,2.0,,,,,0.2415696420871065,36.786860901305104,0.5775669648759385,,,,,,,,,,,,,14108.0
mal_Mlym,mal,mym,Mlym,mala1464,Malayalam,Dravidian,Dravidian,1.0,0.4,0.77,0.5076,0.5687,0.6,,,,,,,,,,2.0,,,1.0,0.5272394233041834,68.58977601759047,0.7549677929984806,,,,,,,,,,,,,85768.0
mar_Deva,mar,mhi,Deva,mara1378,Marathi,Indo-European,Indic,0.9,0.4,0.7,0.4513,0.5687,0.6,,,,,,,,,2.0,,,,1.0,0.356672953949487,52.5859811353784,0.6780246727563958,,,,,,,,,0.2251422318931376,0.494141805495958,,0.86,97181.0
mhr_Cyrl,mhr,mme,Cyrl,gras1239,Meadow Mari,Uralic,Mari,1.0,0.2,0.8,0.5249,0.4054,0.6,,,,,,,,,2.0,3.0,,,,0.3939687055476529,52.22872119066241,0.7506791988756094,,,,,,,,,,,,,11357.0
min_Arab,min,min,Arab,mina1268,Minangkabau (Jawi script),Austronesian,Malayo-Sumbawan,1.0,0.5,0.65,0.4776,0.5687,0.6,,,,,,,,,1.0,1.0,,,7.0,0.3342406656052591,46.63944952247,0.6369507695551317,,,,,,,,,,,,,
min_Latn,min,min,Latn,mina1268,Minangkabau (Latin script),Austronesian,Malayo-Sumbawan,1.0,0.5,0.65,0.4776,0.5687,0.6,,,,,,,,,1.0,1.0,,,7.0,0.2664754953076121,36.90469152448243,0.6054199453990594,,,,,,,,,,,,,227668.0
mkd_Cyrl,mkd,mcd,Cyrl,mace1250,Macedonian,Indo-European,Slavic,0.9,0.1,0.57,0.5064,0.5687,0.6,,,,,,,,,,,,,2.0,0.3083073642775135,48.14730596827432,0.5750112604127561,,,,,,,,,,,,,145341.0
mlt_Latn,mlt,mlt,Latn,malt1254,Maltese,Afro-Asiatic,Semitic,1.0,0.1,0.86,0.5207,0.5687,0.7,,,,,,,,,,,,,,0.3995223102811855,54.22623169342975,0.7145761312280183,,,,,,,,,,,,0.36,6653.0
mni_Beng,mni,mei,Beng,mani1292,"Meitei (Manipuri, Bengali script)",Sino-Tibetan,Manipuri,1.0,0.4,0.69,0.492,0.4576,0.6,1.0,1.0,1.0,3.0,2.0,2.0,2.0,2.0,3.0,1.0,4.0,1.0,,0.4079489857621901,55.02171774255338,0.732026452633954,,,,,,,,,,,,,
mni_Mtei,mni,mei,Mtei,mani1292,"Meitei (Manipuri, Meitei script)",Sino-Tibetan,Manipuri,1.0,0.4,0.69,0.492,0.4576,0.6,1.0,1.0,1.0,3.0,2.0,2.0,2.0,2.0,3.0,1.0,4.0,1.0,,0.3899730287164842,53.62519103700568,0.7338587724062857,,,,,,,,,,,,,10428.0
mos_Latn,mos,moo,Latn,moss1236,Mossi,Niger-Congo,Oti-Volta,1.0,0.2,0.68,0.4776,0.9139,0.6,,,,,,,,,2.0,1.0,,,2.0,0.2575701089432915,40.01963189997362,0.5378881651298626,,,,,,,,,,,,,
mri_Latn,mri,mao,Latn,maor1246,Maori,Austronesian,Oceanic,1.0,0.9,0.53,0.6198,0.6373,0.6,7.0,1.0,1.0,,2.0,2.0,2.0,2.0,1.0,1.0,1.0,1.0,3.0,0.1271267040050724,21.419623590397343,0.4092829688060423,,,,,,,,,,,,,
mya_Mymr,mya,brm,Mymr,nucl1310,Burmese,Sino-Tibetan,Burmese-Lolo,1.0,0.4,0.73,0.3323,0.2566,0.5,1.0,1.0,1.0,2.0,2.0,2.0,2.0,2.0,2.0,2.0,1.0,1.0,1.0,0.8339107195882411,83.81943576838806,0.9341578508954624,,,,,,,,,,,,,108000.0
nld_Latn,nld,dut,Latn,dutc1256,Dutch,Indo-European,Germanic,0.6,0.0,0.49,0.4861,0.5687,0.5,,,,,,,,,2.0,,,,7.0,0.2447910512426641,39.00482513065734,0.5363406990759486,0.2776345,1.1522877355,0.4168981726,9.8278255895,9.491823557,3.0,3.4666062695,-0.5990001978499999,0.5224655205904492,0.65365583488978,-0.970448098267647,0.43,2162631.0
nno_Latn,nno,,Latn,norw1262,Norwegian Nynorsk,Eastern Sudanic,Eastern Nilotic,1.0,1.0,0.57,0.5983,0.5687,0.6,,,,,,,,,,,,,,0.2591160670682077,40.61763162745064,0.5438924105844892,,,,,,,,,,,,0.39,170075.0
nob_Latn,nob,,Latn,norw1259,Norwegian Bokmål,Eastern Sudanic,Eastern Nilotic,1.0,0.1,0.52,0.4769,0.4477,0.5,,,,,,,,,,,,,,0.2704305981913216,41.98734415998737,0.5553789130342945,,,,,,,,,,,-0.990035389081077,0.35,633125.0
npi_Deva,npi,nep,Deva,nepa1254,Nepali,Indo-European,Indic,0.9,1.0,0.88,0.5983,0.5687,0.9,,,,,2.0,2.0,2.0,2.0,2.0,,,,1.0,0.3452831975752983,50.17429415070531,0.67387563661057,,,,,,,,,,,,,31247.0
nqo_Nkoo,nqo,,Nkoo,nkoa1234,Nko,Eastern Sudanic,Eastern Nilotic,1.0,1.0,0.57,0.5983,0.5687,0.6,,,,,,,,,,,,,,0.2167617376042123,35.84638866772734,0.5299085999478437,,,,,,,,,,,,,
nso_Latn,nso,stn,Latn,pedi1238,Northern Sotho,Niger-Congo,Bantu,1.0,0.5,0.73,0.5983,0.5687,0.8,,,,,,,,,,,,,2.0,0.1777654662973222,29.250387848522827,0.4532130493678394,,,,,,,,,,,,,8612.0
nus_Latn,nus,nue,Latn,nuer1246,Nuer,Eastern Sudanic,Western Nilotic,1.0,0.3,0.71,0.4849,0.5687,0.6,,,,,,,,,2.0,,,,7.0,0.1701285116557083,27.83460511809168,0.4859212760287658,,,,,,,,,,,,,
nya_Latn,nya,cic,Latn,nyan1308,Nyanja,Niger-Congo,Bantu,1.0,0.4,0.69,0.5983,0.5687,0.8,,,,,,,,,,,,,2.0,0.3529566914596191,48.596637975855,0.6785802362119547,,,,,,,,,,,,,1030.0
oci_Latn,oci,occ,Latn,occi1239,Occitan,Indo-European,Romance,0.9,0.1,0.68,0.5983,0.5687,0.8,,,,,,,,,,,,,,0.2583724045545881,39.93337552612999,0.5522757706614383,,,,,,,,,,,,,89770.0
ory_Orya,ory,oya,Orya,oriy1255,Odia,Indo-European,Indic,0.9,1.0,0.57,0.5983,0.5687,0.6,,,,,,,,,2.0,,,,1.0,0.3631878150809825,49.59342581157723,0.7440587424918534,,,,,,,,,,,,,18369.0
pag_Latn,pag,pnn,Latn,pang1290,Pangasinan,Austronesian,Northern Luzon,1.0,0.5,0.72,0.5158,0.5687,0.6,,,,,,,,,,1.0,,,3.0,0.2658691877291144,38.28147022728984,0.5236888251865778,,,,,,,,,,,,,2585.0
pan_Guru,pan,pan,Guru,panj1256,Eastern Panjabi,Indo-European,Indic,0.9,0.3,0.65,0.4336,0.5687,0.6,,,,,,,,,2.0,1.0,,,1.0,0.2388065843621399,37.22626235674887,0.6023570438216765,,,,,,,,,,,,,
pap_Latn,pap,pap,Latn,papi1253,Papiamento,other,Creoles and Pidgins,0.9,0.4,1.0,0.5983,1.0,1.0,,,,,,,,,,,,,,0.1943580170089193,30.175607859441488,0.4835510463441573,,,,,,,,,,,,,4121.0
pbt_Arab,pbt,,Arab,sout2649,Southern Pashto,Eastern Sudanic,Eastern Nilotic,0.9,0.3,0.57,0.5983,0.5687,0.6,,,,,,,,,,,,,,0.2616639723297868,42.67530020298998,0.5795366283524874,,,,,,,,,,,,,19400.0
pes_Arab,pes,prs,Arab,west2369,Western Persian,Indo-European,Iranian,0.9,0.3,0.72,0.4807,0.3433,0.6,1.0,1.0,1.0,3.0,3.0,1.0,5.0,2.0,3.0,1.0,1.0,3.0,1.0,0.2238668255737957,36.10507617103463,0.5659122765757395,0.210736,1.311090238,0.1994997201,9.746808365,9.154790257,6.0,2.883288676,-0.6910323497,,,-0.92419532995967,0.48,1007573.0
plt_Latn,plt,mal,Latn,plat1254,Plateau Malagasy,Austronesian,Barito,1.0,0.5,0.68,0.5093,0.2736,0.6,1.0,1.0,1.0,3.0,2.0,5.0,5.0,2.0,1.0,1.0,1.0,3.0,4.0,0.2435938427807975,36.04283512086685,0.5637397401140565,,,,,,,,,,,,,97576.0
pol_Latn,pol,pol,Latn,poli1260,Polish,Indo-European,Slavic,0.9,0.1,0.59,0.5472,0.2804,0.5,,,,,,,,,2.0,,,,2.0,0.3831338981570443,57.97614758270637,0.6492616634671395,0.41142625,1.470589479,0.4674302978,11.22041198,10.303765575,10.0,3.9787162085,-0.2875060689499999,0.5495061104256599,0.8375117626189994,,0.375,1622682.0
por_Latn,por,por,Latn,braz1246,Portuguese (Brazilian),Indo-European,Romance,0.9,0.1,0.47,0.4235,0.5687,0.5,,,,,,,,,2.0,3.0,,,2.0,0.2495812395309882,40.45064407849594,0.5495533392836585,0.286788,1.269971018,0.4226377998,9.307546317,8.717849644,7.0,3.346369016,-0.512995031,0.467103519419221,0.5343837013373006,-0.986119914115433,0.355,1129019.0
prs_Arab,prs,dri,Arab,dari1249,Dari,Indo-European,Iranian,0.9,0.3,1.0,0.5983,0.5687,1.0,,,,,,,,,,1.0,,,,0.2346034655842171,35.51047208240362,0.5987049794752735,,,,,,,,,,,,,
quy_Latn,quy,qay,Latn,ayac1239,Ayacucho Quechua,Quechuan,Quechuan,1.0,0.5,0.92,0.6526,0.5687,0.8,,,,,,,,,,1.0,,,,0.5238445588923818,64.05271723545484,0.805168557985066,,,,,,,,,,,,,24048.0
ron_Latn,ron,rom,Latn,roma1327,Romanian,Indo-European,Romance,0.9,0.1,0.53,0.4997,0.3498,0.5,,,,,,,,,2.0,,,,2.0,0.2775185185185185,45.600945815402326,0.5711460699596136,0.2758895,1.7756726315,0.42018721275,9.999405354,8.8749691385,8.05,3.883758134,-0.3030110949,0.4653150268693714,0.580213481410375,-0.965765792144921,0.29,464475.0
run_Latn,run,rnd,Latn,rund1242,Rundi,Niger-Congo,Bantu,1.0,0.3,0.95,0.5119,0.5687,0.7,,,,,,,,,,1.0,,,,0.3516313823163138,49.82134008405293,0.6842439722108671,,,,,,,,,,,,,654.0
rus_Cyrl,rus,rus,Cyrl,russ1263,Russian,Indo-European,Slavic,0.9,0.2,0.49,0.5594,0.2804,0.5,1.0,2.0,1.0,3.0,2.0,2.0,2.0,2.0,2.0,3.0,3.0,3.0,2.0,0.3682232060813633,56.97592285179152,0.6431805656272717,0.4625082499999999,1.4782379529999998,0.4873502554,11.579303565,10.79271158,11.5,3.5974929235,-0.2865155575,0.514019762702046,0.787732531566447,-0.861327487679783,0.4066666666666667,1989296.0
sag_Latn,sag,san,Latn,sang1328,Sango,Niger-Congo,Ubangi,1.0,0.3,0.62,0.4466,0.5096,0.5,1.0,5.0,6.0,1.0,4.0,2.0,5.0,2.0,6.0,,1.0,3.0,2.0,0.1081697701727898,18.6745639584188,0.34058547737664,,,,,,,,,,,,,329.0
san_Deva,san,,Deva,sans1269,Sanskrit,Eastern Sudanic,Eastern Nilotic,0.9,0.4,0.86,0.5552,0.5687,0.7,,,,,,,,,,,,,,0.4290350387911363,60.25002459096431,0.6513828945999229,,,,,,,,,0.5456985376171136,0.4913251121432864,,0.57,12199.0
sat_Olck,sat,stl,Olck,sant1410,Santali,Austro-Asiatic,Munda,1.0,0.4,0.72,0.4774,0.5687,0.6,,,,,,,,,2.0,1.0,,,1.0,0.2741046233991752,41.601641700086695,0.5964929889953875,,,,,,,,,,,,,11341.0
scn_Latn,scn,,Latn,sici1248,Sicilian,Eastern Sudanic,Eastern Nilotic,0.9,0.1,0.63,0.5983,0.5687,0.8,,,,,,,,,,,,,,0.3076958803585528,45.149587012235365,0.5948889311525273,,,,,,,,,,,,,26288.0
shn_Mymr,shn,sha,Mymr,shan1277,Shan,Tai-Kadai,Kam-Tai,1.0,0.4,0.77,0.5983,0.5207,0.8,,,,,,,,,,,,,2.0,0.7912360034453058,76.25479256623515,0.8875756058709792,,,,,,,,,,,,,13627.0
sin_Sinh,sin,snh,Sinh,sinh1246,Sinhala,Indo-European,Indic,0.9,0.4,0.78,0.4991,0.4121,0.6,,,,,,,,,,,,,1.0,0.3058094957239752,47.11550837527211,0.6655583957311464,,,,,,,,,,,,,20970.0
slk_Latn,slk,svk,Latn,slov1269,Slovak,Indo-European,Slavic,0.9,0.1,0.57,0.5983,0.5687,0.6,,,,,,,,,,,,,,0.378764074365017,57.334923052307154,0.6450450144992206,0.411039,1.489446916,0.4011295319,11.2812817,10.38410295,10.0,3.981664793,-0.3040405675,0.5619823132844476,0.8026812915924111,,0.45,249450.0
slv_Latn,slv,slo,Latn,slov1268,Slovenian,Indo-European,Slavic,0.9,0.1,0.56,0.4546,0.5687,0.5,,,,,,,,,2.0,,,,2.0,0.3565314158534498,54.49685031319917,0.6140565055762053,0.397861,1.489263086,0.4468196569,10.91581693,9.921261355,8.0,3.938216931,-0.2840205475,0.4572784824948805,0.8285233504238815,-0.872575230787675,0.395,185965.0
smo_Latn,smo,sam,Latn,samo1305,Samoan,Austronesian,Oceanic,1.0,0.8,0.67,0.5983,0.5687,0.8,,,,,,,,,1.0,1.0,,,7.0,0.1218254098629957,21.253908341102537,0.3882875275569498,,,,,,,,,,,,,1155.0
sna_Latn,sna,shn,Latn,shon1251,Shona,Niger-Congo,Bantu,1.0,0.4,0.75,0.5348,0.5687,0.6,,,,,,,,,6.0,,,,2.0,0.492082751926227,63.17660327109734,0.8105628128128303,,,,,,,,,,,,,11437.0
snd_Arab,snd,sdh,Arab,sind1272,Sindhi (Arabic script),Indo-European,Indic,0.9,0.3,0.57,0.494,0.4054,0.6,,,,,,,,,,,,,,0.2329422726695184,35.79360976043561,0.6002715472481707,,,,,,,,,,,,,
snd_Deva,snd,sdh,Deva,sind1272,Sindhi (Devanagari script),Indo-European,Indic,0.9,0.3,0.57,0.494,0.4054,0.6,,,,,,,,,,,,,,0.262266644639022,40.80922926811764,0.6121082950280401,,,,,,,,,,,,,17806.0
som_Latn,som,som,Latn,soma1255,Somali,Afro-Asiatic,Lowland East Cushitic,1.0,0.3,0.62,0.4645,0.4816,0.5,,,,,,,,,2.0,1.0,,,1.0,0.334800953953403,49.43730336355172,0.6512554799343057,,,,,,,,,,,,,8037.0
sot_Latn,sot,ses,Latn,sout2807,Southern Sotho,Niger-Congo,Bantu,1.0,0.5,0.65,0.5983,0.5687,0.8,,,,,,,,,,1.0,,,2.0,0.1792270355096529,29.66789462344616,0.4597019552449538,,,,,,,,,,,,,1010.0
spa_Latn,spa,spa,Latn,amer1254,Spanish (Latin American),Indo-European,Romance,0.9,0.1,0.4,0.5481,0.3433,0.5,1.0,1.0,2.0,3.0,3.0,2.0,5.0,2.0,2.0,3.0,3.0,2.0,2.0,0.2372070447926778,40.28610927443232,0.5269650379255748,0.2972225,1.2502803465,0.4133810398,9.5649960345,8.9274300275,6.0,3.5235709505,-0.5145175115,0.4523871617282403,0.59241725775197,-0.978245974648852,0.35,1967308.0
srd_Latn,srd,,Latn,sard1257,Sardinian,Eastern Sudanic,Eastern Nilotic,1.0,1.0,0.57,0.5983,0.5687,0.6,,,,,,,,,,,,,,0.2416046319272125,37.56932604823749,0.5150915079599722,,,,,,,,,,,,,7593.0
srp_Cyrl,srp,,Cyrl,serb1264,Serbian,Eastern Sudanic,Eastern Nilotic,0.9,0.1,0.62,0.5983,0.8632,0.8,,,,,,,,,,,,,,0.3580004272591326,54.769385426570864,0.6216795599406176,,,,,,,,,0.3409187567596479,0.6042900134004721,,0.35,691420.0
ssw_Latn,ssw,swt,Latn,swat1243,Swati,Niger-Congo,Bantu,1.0,0.5,0.71,0.5983,0.5687,0.8,,,,,,,,,,1.0,,,7.0,0.5736288756445457,70.09782413720968,0.8463520853540085,,,,,,,,,,,,,951.0
sun_Latn,sun,sun,Latn,sund1252,Sundanese,Austronesian,Malayo-Sumbawan,1.0,0.6,0.6,0.529,0.5687,0.6,,,,,,,,,1.0,1.0,,,2.0,0.2924195445311665,39.994185934776574,0.6533982534190175,,,,,,,,,,,,,61753.0
swe_Latn,swe,swe,Latn,swed1254,Swedish,Indo-European,Germanic,0.7,0.1,0.42,0.5242,0.5687,0.5,,,,,,,,,2.0,,,,2.0,0.2906232550148189,44.34362348106281,0.5668353963655589,0.2585032499999999,1.3221704255,0.463262613,9.938116847,9.3483403925,7.94,3.6604572365,-0.45202537865,0.4248037827590363,0.4855419940061995,-0.98777068316545,0.385,2590730.0
swh_Latn,swh,swa,Latn,swah1253,Swahili,Niger-Congo,Bantu,1.0,0.4,0.71,0.484,0.2736,0.6,1.0,5.0,1.0,3.0,1.0,2.0,5.0,2.0,5.0,1.0,1.0,2.0,2.0,0.2630923314564751,37.27100092686255,0.6021819110883853,,,,,,,,,,,,,82110.0
szl_Latn,szl,,Latn,sile1253,Silesian,Eastern Sudanic,Eastern Nilotic,0.9,1.0,0.57,0.5983,0.5687,0.6,,,,,,,,,,,,,,0.4259871093538428,57.88254153946571,0.7031991761300344,,,,,,,,,,,,,58136.0
tam_Taml,tam,tml,Taml,tami1289,Tamil,Dravidian,Dravidian,1.0,0.4,0.71,0.5014,0.5687,0.6,,,,,,,,,2.0,1.0,,,1.0,0.4196640316205534,59.70449132674175,0.6852193911149491,,,,,,,,,0.1587796773751695,0.8344068484238656,-0.715314292543021,0.93,166556.0
taq_Latn,taq,tsk,Latn,tama1365,Tamasheq (Latin script),Afro-Asiatic,Berber,1.0,0.2,0.7,0.4997,0.5687,0.6,,,,,,,,,4.0,,,,3.0,0.3665861235761132,52.20346006410711,0.5852790697674445,,,,,,,,,,,,,
taq_Tfng,taq,tsk,Tfng,tama1365,Tamasheq (Tifinagh script),Afro-Asiatic,Berber,1.0,0.2,0.7,0.4997,0.5687,0.6,,,,,,,,,4.0,,,,3.0,0.2268484492135822,37.42105659913204,0.4739594953767763,,,,,,,,,,,,,
tat_Cyrl,tat,tvo,Cyrl,tata1255,Tatar,Altaic,Turkic,1.0,0.2,0.75,0.5983,0.805,0.8,,,,,,,,,2.0,,,,1.0,0.3632537242847009,52.82188804114056,0.6746989247312033,,,,,,,,,,,,,501695.0
tel_Telu,tel,tel,Telu,telu1262,Telugu,Dravidian,Dravidian,1.0,0.4,0.74,0.4519,0.3498,0.5,,,,,,,,,2.0,,,,1.0,0.3821439003018206,54.77070035492783,0.6631997206007216,,,,,,,,,0.0950312321375986,0.6932028762667986,,0.95,97751.0
tgk_Cyrl,tgk,taj,Cyrl,taji1245,Tajik,Indo-European,Iranian,0.9,0.3,0.68,0.5983,0.5687,0.8,,,,,,,,,3.0,,,,1.0,0.3211584490186692,46.41822954902795,0.6783701633073549,,,,,,,,,,,,,113380.0
tha_Thai,tha,tha,Thai,thai1261,Thai,Tai-Kadai,Kam-Tai,1.0,0.5,0.56,0.4147,0.39,0.5,7.0,5.0,1.0,2.0,4.0,2.0,5.0,1.0,1.0,1.0,1.0,1.0,2.0,0.1797494780793319,30.47270588178589,0.5316388229878543,,,,,,,,,,,,,165636.0
tir_Ethi,tir,tig,Ethi,tigr1271,Tigrinya,Afro-Asiatic,Semitic,1.0,0.3,0.72,0.5229,0.5687,0.6,,,,,,,,,,1.0,,,1.0,0.3664111562615441,53.92098408723039,0.6585419482913705,,,,,,,,,,,,,304.0
tpi_Latn,tpi,tpi,Latn,tokp1240,Tok Pisin,other,Creoles and Pidgins,0.1,0.7,0.74,0.6077,0.5687,0.7,,,,,,,,,,,,,,0.1102758574400966,19.035925707675936,0.3500296255844776,,,,,,,,,,,,,1381.0
tsn_Latn,tsn,tsw,Latn,tswa1253,Tswana,Niger-Congo,Bantu,1.0,0.4,1.0,0.5983,0.5687,1.0,,,,,,,,,,2.0,,,,0.170281959298622,29.408537387597185,0.4408597926895796,,,,,,,,,,,,,1731.0
tso_Latn,tso,tsn,Latn,tson1249,Tsonga,Niger-Congo,Bantu,1.0,0.5,0.85,0.5983,0.5687,0.9,,,,,,,,,,,,,,0.1829220677807277,29.274389618789822,0.4793455182574779,,,,,,,,,,,,,775.0
tuk_Latn,tuk,tkm,Latn,turk1304,Turkmen,Altaic,Turkic,1.0,0.2,0.82,0.5983,0.805,0.9,,,,,,,,,,1.0,,,1.0,0.441394879106517,57.267477260321336,0.7721090975878523,,,,,,,,,,,,,6873.0
tum_Latn,tum,,Latn,tumb1250,Tumbuka,Eastern Sudanic,Eastern Nilotic,1.0,0.4,0.57,0.5983,0.5687,0.6,,,,,,,,,,,,,,0.2779492977344871,42.15034888490061,0.5797132189527925,,,,,,,,,,,,,18649.0
tur_Latn,tur,tur,Latn,nucl1301,Turkish,Altaic,Turkic,1.0,0.1,0.7,0.5183,0.3433,0.6,1.0,1.0,1.0,4.0,2.0,3.0,5.0,2.0,2.0,1.0,4.0,3.0,1.0,0.4235043159043556,60.12866491845203,0.6896185970802311,0.3973865,2.277891192,0.5703778328,11.72238627,10.01303703,13.0,3.585127389,-0.2250154346,0.244240454004563,0.673054073686215,-0.921735843350722,0.8883333333333333,615466.0
twi_Latn_akua1239,twi,,Latn,akua1239,Akuapem Twi,Eastern Sudanic,Eastern Nilotic,1.0,0.3,0.75,0.5983,0.5687,0.8,,,,,,,,,,,,,,0.1949084160413136,30.68554314160964,0.4949651253757209,,,,,,,,,,,,,
twi_Latn_asan1239,twi,,Latn,asan1239,Asante Twi,Eastern Sudanic,Eastern Nilotic,1.0,0.3,0.75,0.5983,0.5687,0.8,,,,,,,,,,,,,,0.2025377064879099,32.06370842763873,0.4939455278263976,,,,,,,,,,,,,4028.0
uig_Arab,uig,uyg,Arab,uigh1240,Uyghur,Altaic,Turkic,1.0,0.3,0.75,0.5983,0.8886,0.8,,,,,,,,,2.0,1.0,,,1.0,0.4447636146020347,57.493331645698895,0.7735720189994477,0.2161355,1.888052815,0.5196785931,10.61753551,9.39449711,12.0,3.382143065,-0.3709937482,0.1282037694821299,0.770323489141614,,0.95,6017.0
ukr_Cyrl,ukr,ukr,Cyrl,ukra1253,Ukrainian,Indo-European,Slavic,0.9,0.1,0.51,0.4661,0.5687,0.5,,,,,,,,,2.0,,,,2.0,0.3766335258107932,57.16026448861684,0.644140410047046,0.4429405,1.420014293,0.4403247859,11.53110833,10.81092475,8.89,3.857030963,-0.3189926453,0.4850011520867083,0.7906922300933895,,0.42,1336816.0
umb_Latn,umb,umb,Latn,umbu1257,Umbundu,Niger-Congo,Bantu,1.0,0.4,0.57,0.5026,0.4638,0.6,,,,,,,,,,,,,,0.3819945581450372,49.66810703560838,0.7527895410495399,,,,,,,,,,,,,
urd_Arab,urd,urd,Arab,urdu1245,Urdu,Indo-European,Indic,0.9,0.3,0.67,0.4923,0.5687,0.6,,,,,,,,,2.0,,,,1.0,0.1992595085829687,34.34554251735114,0.543612680154765,0.199242,1.131727884,0.1614606887,9.652893288,9.117100626,10.21,3.329645145,-0.7370094646,0.2238122858920023,0.509824045675661,,0.89,207972.0
uzn_Latn,uzn,uzn,Latn,nort2690,Northern Uzbek,Altaic,Turkic,1.0,0.2,0.73,0.5491,0.805,0.6,,,,,,,,,,,,,,0.3942960850401866,54.75607208927225,0.7439830725007874,,,,,,,,,,,,,301054.0
vec_Latn,vec,,Latn,vene1259,Venetian,Eastern Sudanic,Eastern Nilotic,0.9,0.1,0.57,0.5983,0.5687,0.6,,,,,,,,,,,,,,0.2686362833421657,40.424182262234986,0.5605165048543861,,,,,,,,,,,,,69296.0
vie_Latn,vie,vie,Latn,viet1252,Vietnamese,Austro-Asiatic,Vietic,1.0,0.5,0.57,0.455,0.427,0.5,2.0,5.0,1.0,1.0,4.0,4.0,4.0,1.0,1.0,1.0,1.0,1.0,2.0,0.1877388778474239,30.367307552474035,0.5590805376972736,0.1668725,1.0,0.3713262688,9.960514286,9.960263782,0.0,1.250803848,-1.0,0.5083985224359182,0.6535256716143261,-0.980643213529915,0.34,1294237.0
war_Latn,war,wwy,Latn,wara1300,Waray,Austronesian,Greater Central Philippine,1.0,0.6,1.0,0.5983,0.5687,1.0,,,,,,,,,,1.0,,,,0.2035141919289438,32.74934795481482,0.4549618050086676,,,,,,,,,,,,,1266554.0
wol_Latn,wol,wlf,Latn,nucl1347,Wolof,Niger-Congo,Wolof,1.0,0.2,0.49,0.4731,0.3498,0.5,,,,,,,,,1.0,2.0,,,2.0,0.2439160239931448,37.26411040925267,0.5928237817958892,,,,,,,,,,,,0.33,1698.0
xho_Latn,xho,xho,Latn,xhos1239,Xhosa,Niger-Congo,Bantu,1.0,0.5,0.76,0.5032,0.5687,0.6,,,,,,,,,6.0,1.0,,,2.0,0.5995598826353694,73.42099771029135,0.8636128854245572,,,,,,,,,,,,,2074.0
ydd_Hebr,ydd,ydb,Hebr,east2295,Eastern Yiddish,Indo-European,Germanic,0.6,0.1,0.79,0.5319,0.5687,0.7,,,,,,,,,,,,,,0.2690750261613358,39.8912234046305,0.5830476722532545,,,,,,,,,,,,,15458.0
yor_Latn,yor,yor,Latn,yoru1245,Yoruba,Niger-Congo,Defoid,1.0,0.3,0.61,0.5093,0.5348,0.6,4.0,1.0,1.0,4.0,3.0,1.0,5.0,2.0,1.0,1.0,4.0,1.0,2.0,0.2386065720955288,39.81585193114287,0.5936125941636785,,,,,,,,,,,,,34176.0
yue_Hant,yue,cnt,Hant,xian1255,Yue Chinese (Hong Kong Cantonese),Sino-Tibetan,Chinese,1.0,0.5,0.59,0.5043,0.5348,0.5,,,,,,,,,1.0,,,,2.0,0.9661266568483065,35.60278323087927,0.9649033760186264,,,,,,,,,0.514203800491043,,,,142198.0
zgh_Tfng,zgh,,Tfng,stan1324,Standard Moroccan Tamazight,Eastern Sudanic,Eastern Nilotic,1.0,1.0,0.57,0.5983,0.5687,0.6,,,,,,,,,,,,,,0.3137533106318577,45.622795428729965,0.5905256478566053,,,,,,,,,,,,,2441.0
zsm_Latn,zsm,mly,Latn,stan1306,Standard Malay,Austronesian,Malayo-Sumbawan,1.0,0.5,0.79,0.4951,0.5687,0.6,,,,,,,,,,,,,,0.228501649599383,34.90844163398747,0.5734206654991437,,,,,,,,,,,,,383058.0
zul_Latn,zul,zul,Latn,zulu1248,Zulu,Niger-Congo,Bantu,1.0,0.5,0.7,0.5582,0.5335,0.6,1.0,5.0,1.0,3.0,1.0,2.0,5.0,2.0,6.0,2.0,1.0,2.0,2.0,0.5636654235482152,69.0714423254075,0.8375143624715827,,,,,,,,,,,,,11379.0
